Data;hora;Tempo(s);Vazão(L/min);Pressão(bar);Frequência(hz);DutyCycle (%);;;;;;;;
19/12/2023;16:31:29;0;0.05;1.85;10.07;7.81;;;;;;;;
19/12/2023;16:31:31;2;0.36;1.85;10.07;7.81;;;;;;;;
19/12/2023;16:31:33;4;0.61;1.86;10.07;7.81;;;;;;;;
19/12/2023;16:31:36;6;0;1.85;10.07;7.82;;;;;;;;
19/12/2023;16:31:38;8;0.55;1.86;10.07;7.81;;;;;;;;
19/12/2023;16:31:40;10;0.61;1.86;10.07;7.81;;;;;;;;
19/12/2023;16:31:43;12;0.61;1.86;128.78;99.95;;;;;;;;
19/12/2023;16:31:45;14;0;1.85;128.77;99.94;;;;;;;;
19/12/2023;16:31:47;16;0.61;1.86;128.78;99.95;;;;;;;;
19/12/2023;16:31:49;18;0.61;1.86;10.07;7.82;;;;;;;;
19/12/2023;16:31:52;20;0.55;1.86;10.07;7.81;;;;;;;;
19/12/2023;16:31:54;22;0;1.86;10.07;7.81;;;;;;;;
19/12/2023;16:31:56;24;0.61;1.86;10.07;7.81;;;;;;;;
19/12/2023;16:31:58;26;0.55;1.86;10.07;7.82;;;;;;;;
19/12/2023;16:32:01;28;0.61;1.86;10.07;7.82;;;;;;;;
19/12/2023;16:32:03;30;0;1.86;10.92;0.02;;;;;;;;
19/12/2023;16:32:05;32;0.61;1.85;128.7;99.96;;;;;;;;
19/12/2023;16:32:07;34;0.55;1.85;10.07;7.82;;;;;;;;
19/12/2023;16:32:10;36;0.61;1.86;10.07;7.81;;;;;;;;
19/12/2023;16:32:12;38;0;1.85;10.07;7.81;; ;;;;;;
19/12/2023;16:32:14;40;0.61;1.85;10.07;7.81;;;;;;;;
19/12/2023;16:32:17;42;0.55;1.85;10.07;7.82;;;;;;;;
19/12/2023;16:32:19;44;0.61;1.85;10.07;7.82;;;;;;;;
19/12/2023;16:32:21;46;0;1.86;10.07;7.81;;;;;;;;
19/12/2023;16:32:24;48;0.55;1.85;10.07;7.81;;;;;;;;
19/12/2023;16:32:26;50;0.61;1.85;10.07;7.81;;;;;;;;
19/12/2023;16:32:28;52;0.61;1.85;10.07;16.02;;;;;;;;
19/12/2023;16:32:30;54;0;1.85;10.07;16.02;;;;;;;;
19/12/2023;16:32:33;56;0.55;1.85;10.07;16.01;;;;;;;;
19/12/2023;16:32:35;58;0.61;1.85;10.07;16.02;;;;;;;;
19/12/2023;16:32:37;60;0.55;1.85;11.98;0.02;;;;;;;;
19/12/2023;16:32:40;62;0;1.84;10.07;16.01;;;;;;;;
19/12/2023;16:32:42;64;0.55;1.84;10.07;16.02;;;;;;;;
19/12/2023;16:32:44;66;0.61;1.84;10.07;16.02;;;;;;;;
19/12/2023;16:32:46;68;0.61;1.85;10.07;16.01;;;;;;;;
19/12/2023;16:32:49;70;0.55;1.84;10.07;16.01;;;;;;;;
19/12/2023;16:32:51;72;0;1.85;10.07;16.02;;;;;;;;
19/12/2023;16:32:53;74;0.61;1.84;10.07;16.02;;;;;;;;
19/12/2023;16:32:56;76;0.55;1.85;10.07;16.01;;;;;;;;
19/12/2023;16:32:58;78;0.61;1.85;10.07;16.01;;;;;;;;
19/12/2023;16:33:00;80;0;1.84;11.98;0.02;;;;;;;;
19/12/2023;16:33:02;82;0.55;1.84;10.07;16.02;;;;;;;;
19/12/2023;16:33:05;84;0.61;1.84;62.81;99.97;;;;;;;;
19/12/2023;16:33:07;86;0.55;1.85;11.98;0.02;;;;;;;;
19/12/2023;16:33:09;88;0;1.84;10.07;16.01;;;;;;;;
19/12/2023;16:33:11;90;0.61;1.84;11.98;0.02;;;;;;;;
19/12/2023;16:33:14;92;0.55;1.84;10.07;16.01;;;;;;;;
19/12/2023;16:33:16;94;0.61;1.84;10.07;16.01;;;;;;;;
19/12/2023;16:33:18;96;0;1.85;10.07;16.02;;;;;;;;
19/12/2023;16:33:21;98;0.55;1.85;10.07;16.02;;;;;;;;
19/12/2023;16:33:23;100;0.61;1.85;10.07;16.01;;;;;;;;
19/12/2023;16:33:25;102;0.55;1.93;10.07;16.02;;;;;;;;
19/12/2023;16:33:27;104;0;2.08;11.98;0.02;;;;;;;;
19/12/2023;16:33:30;106;0.74;2.1;62.85;99.99;;;;;;;;
19/12/2023;16:33:32;108;0.67;2.08;11.98;0.02;;;;;;;;
19/12/2023;16:33:34;110;0.61;2.08;10.07;16.02;;;;;;;;
19/12/2023;16:33:36;112;0;2.08;11.98;0.02;;;;;;;;
19/12/2023;16:33:39;114;0.61;2.1;10.07;16.02;;;;;;;;
19/12/2023;16:33:41;116;0.67;2.1;10.07;16.02;;;;;;;;
19/12/2023;16:33:43;118;0.61;2.08;10.07;16.01;;;;;;;;
19/12/2023;16:33:45;120;0;2.1;10.07;16.02;;;;;;;;
19/12/2023;16:33:48;122;0.67;2.08;10.07;16.02;;;;;;;;
19/12/2023;16:33:50;124;0.61;2.08;10.07;16.01;;;;;;;;
19/12/2023;16:33:52;126;0.61;2.08;10.07;16.01;;;;;;;;
19/12/2023;16:33:55;128;0;2.08;62.81;99.97;;;;;;;;
19/12/2023;16:33:57;130;0.67;2.08;11.98;0.02;;;;;;;;
19/12/2023;16:33:59;132;0.61;2.08;11.98;0.02;;;;;;;;
19/12/2023;16:34:01;134;0.67;2.08;62.85;99.99;;;;;;;;
19/12/2023;16:34:03;136;0;2.08;11.98;0.02;;;;;;;;
19/12/2023;16:34:06;138;0.61;2.1;10.07;16.02;;;;;;;;
19/12/2023;16:34:08;140;0;2.08;10.07;16.02;;;;;;;;
19/12/2023;16:34:10;142;0;2.08;10.07;16.01;;;;;;;;
19/12/2023;16:34:13;144;0;2.1;10.07;16.01;;;;;;;;
19/12/2023;16:34:15;146;0;2.11;10.07;16.02;;;;;;;;
19/12/2023;16:34:17;148;0;2.08;10.07;16.02;;;;;;;;
19/12/2023;16:34:19;150;0;2.07;10.07;16.02;;;;;;;;
19/12/2023;16:34:22;152;0;2.07;10.07;16.01;;;;;;;;
19/12/2023;16:34:24;154;0;2.07;10.07;16.01;;;;;;;;
19/12/2023;16:34:26;156;0;2.07;10.07;16.02;;;;;;;;
19/12/2023;16:34:29;158;0;2.08;62.82;99.98;;;;;;;;
19/12/2023;16:34:31;160;0;2.08;11.98;0.02;;;;;;;;
19/12/2023;16:34:33;162;0.47;2.08;10.07;16.02;;;;;;;;
19/12/2023;16:34:35;164;0;2.07;10.07;16.02;;;;;;;;
19/12/2023;16:34:38;166;0;2.08;10.07;16.02;;;;;;;;
19/12/2023;16:34:40;168;0;2.07;10.07;16.01;;;;;;;;
19/12/2023;16:34:42;170;0;2.07;10.07;16.02;;;;;;;;
19/12/2023;16:34:45;172;0;2.08;11.98;0.02;;;;;;;;
19/12/2023;16:34:47;174;0;2.07;10.07;16.01;;;;;;;;
19/12/2023;16:34:49;176;0;2.08;10.07;16.02;;;;;;;;
19/12/2023;16:34:51;178;0;2.08;10.07;16.01;;;;;;;;
19/12/2023;16:34:54;180;0;2.08;10.07;16.01;;;;;;;;
19/12/2023;16:34:56;182;0;2.08;10.07;16.01;;;;;;;;
19/12/2023;16:34:58;184;0.54;2.08;10.07;16.02;;;;;;;;
19/12/2023;16:35:01;186;0;2.07;62.81;99.96;;;;;;;;
19/12/2023;16:35:03;188;0.54;2.07;11.98;0.02;;;;;;;;
19/12/2023;16:35:05;190;0.6;2.07;10.07;16.01;;;;;;;;
19/12/2023;16:35:07;192;0.54;2.07;11.98;0.02;;;;;;;;
19/12/2023;16:35:09;194;0;2.07;10.07;16.01;;;;;;;;
19/12/2023;16:35:12;196;0.54;2.07;10.07;16.02;;;;;;;;
19/12/2023;16:35:14;198;0.54;2.07;10.07;16.02;;;;;;;;
19/12/2023;16:35:16;200;0.6;2.07;10.07;16.01;;;;;;;;
19/12/2023;16:35:19;202;0;2.07;10.07;16.01;;;;;;;;
19/12/2023;16:35:21;204;0.54;2.07;11.98;0.02;;;;;;;;
19/12/2023;16:35:23;206;0.6;2.07;11.98;0.02;;;;;;;;
19/12/2023;16:35:25;208;0.54;2.06;11.98;0.02;;;;;;;;
19/12/2023;16:35:28;210;0;2.07;10.07;16.01;;;;;;;;
19/12/2023;16:35:30;212;0.54;2.06;10.07;16.01;;;;;;;;
19/12/2023;16:35:32;214;0.54;2.07;10.07;16.02;;;;;;;;
19/12/2023;16:35:34;216;0.6;2.07;10.07;16.02;;;;;;;;
19/12/2023;16:35:37;218;0;2.07;11.98;0.02;;;;;;;;
19/12/2023;16:35:39;220;0.54;2.07;62.82;99.98;;;;;;;;
19/12/2023;16:35:41;222;0.54;2.08;10.07;23.82;;;;;;;;
19/12/2023;16:35:43;224;0.54;2.08;10.07;23.83;;;;;;;;
19/12/2023;16:35:46;226;0;2.1;13.21;0.02;;;;;;;;
19/12/2023;16:35:48;228;0.54;2.08;10.07;23.83;;;;;;;;
19/12/2023;16:35:50;230;0.54;2.1;10.07;23.83;;;;;;;;
19/12/2023;16:35:53;232;0.54;2.08;10.07;23.83;;;;;;;;
19/12/2023;16:35:55;234;0;2.08;10.07;23.83;;;;;;;;
19/12/2023;16:35:57;236;0.54;2.1;10.07;23.83;;;;;;;;
19/12/2023;16:35:59;238;0.54;2.1;10.07;23.83;;;;;;;;
19/12/2023;16:36:02;240;0.48;2.08;10.07;23.83;;;;;;;;
19/12/2023;16:36:04;242;0;2.08;10.07;23.81;;;;;;;;
19/12/2023;16:36:06;244;0.54;2.08;10.07;23.83;;;;;;;;
19/12/2023;16:36:09;246;0.54;2.1;10.07;23.83;;;;;;;;
19/12/2023;16:36:11;248;0.54;2.1;10.07;23.83;;;;;;;;
19/12/2023;16:36:13;250;0.48;2.1;10.07;23.83;;;;;;;;
19/12/2023;16:36:16;252;0;2.08;10.07;23.83;;;;;;;;
19/12/2023;16:36:18;254;0.54;2.1;10.07;23.83;;;;;;;;
19/12/2023;16:36:20;256;0.54;2.08;13.21;0.02;;;;;;;;
19/12/2023;16:36:22;258;0.54;2.08;13.21;0.02;;;;;;;;
19/12/2023;16:36:25;260;0;2.08;10.07;23.83;;;;;;;;
19/12/2023;16:36:27;262;0.54;2.08;10.07;23.83;;;;;;;;
19/12/2023;16:36:29;264;0.48;2.1;10.07;23.83;;;;;;;;
19/12/2023;16:36:31;266;0.54;2.08;10.07;23.83;;;;;;;;
19/12/2023;16:36:34;268;0;2.08;10.07;23.83;;;;;;;;
19/12/2023;16:36:36;270;0.54;2.08;10.07;23.83;;;;;;;;
19/12/2023;16:36:38;272;0.54;2.08;10.07;23.83;;;;;;;;
19/12/2023;16:36:41;274;0.54;2.08;10.07;23.83;;;;;;;;
19/12/2023;16:36:43;276;0;2.08;13.21;0.02;;;;;;;;
19/12/2023;16:36:45;278;0.48;2.08;42.23;99.99;;;;;;;;
19/12/2023;16:36:47;280;0.6;2.08;13.21;0.02;;;;;;;;
19/12/2023;16:36:50;282;0.48;2.08;10.85;17.93;;;;;;;;
19/12/2023;16:36:52;284;0;2.08;10.07;23.83;;;;;;;;
19/12/2023;16:36:54;286;0.54;2.08;10.07;23.83;;;;;;;;
19/12/2023;16:36:56;288;0.54;2.1;10.07;32.03;;;;;;;;
19/12/2023;16:36:59;290;0.48;2.11;10.07;32.03;;;;;;;;
19/12/2023;16:37:01;292;0;2.11;10.07;32.03;;;;;;;;
19/12/2023;16:37:03;294;0.48;2.11;10.07;32.03;;;;;;;;
19/12/2023;16:37:06;296;0.48;2.11;10.07;32.03;;;;;;;;
19/12/2023;16:37:08;298;0.48;2.11;10.07;32.03;;;;;;;;
19/12/2023;16:37:10;300;0;2.1;10.07;32.03;;;;;;;;
19/12/2023;16:37:12;302;0.48;2.1;10.07;32.03;;;;;;;;
19/12/2023;16:37:15;304;0.48;2.11;10.07;32.03;;;;;;;;
19/12/2023;16:37:17;306;0.48;2.1;10.07;32.03;;;;;;;;
19/12/2023;16:37:19;308;0;2.11;10.07;32.03;;;;;;;;
19/12/2023;16:37:22;310;0.41;2.1;10.07;32.03;;;;;;;;
19/12/2023;16:37:24;312;0.48;2.1;10.07;32.03;;;;;;;;
19/12/2023;16:37:26;314;0.48;2.1;10.07;32.03;;;;;;;;
19/12/2023;16:37:29;316;0.48;2.11;10.07;32.03;;;;;;;;
19/12/2023;16:37:31;318;0;2.11;10.07;32.03;;;;;;;;
19/12/2023;16:37:33;320;0.48;2.11;10.07;32.03;;;;;;;;
19/12/2023;16:37:35;322;0.48;2.1;10.07;32.03;;;;;;;;
19/12/2023;16:37:38;324;0.48;2.1;10.07;32.03;;;;;;;;
19/12/2023;16:37:40;326;0;2.1;10.07;32.03;;;;;;;;
19/12/2023;16:37:42;328;0.48;2.1;10.07;32.03;;;;;;;;
19/12/2023;16:37:45;330;0.48;2.07;10.07;32.03;;;;;;;;
19/12/2023;16:37:47;332;0.48;2.07;14.81;0.02;;;;;;;;
19/12/2023;16:37:49;334;0;2.06;14.81;0.02;;;;;;;;
19/12/2023;16:37:51;336;0.48;2.07;14.81;0.02;;;;;;;;
19/12/2023;16:37:54;338;0.48;2.07;14.81;0.02;;;;;;;;
19/12/2023;16:37:56;340;0.41;2.06;14.81;0.02;;;;;;;;
19/12/2023;16:37:58;342;0;2.06;14.81;0.02;;;;;;;;
19/12/2023;16:38:00;344;0.48;2.06;31.42;99.98;;;;;;;;
19/12/2023;16:38:02;346;0.48;2.07;10.07;32.03;;;;;;;;
19/12/2023;16:38:05;348;0;2.06;10.07;32.03;;;;;;;;
19/12/2023;16:38:07;350;0.41;2.06;10.07;32.03;;;;;;;;
19/12/2023;16:38:09;352;0.48;2.06;10.07;32.03;;;;;;;;
19/12/2023;16:38:12;354;0.48;2.06;10.07;32.03;;;;;;;;
19/12/2023;16:38:14;356;0.41;2.04;14.81;0.02;;;;;;;;
19/12/2023;16:38:16;358;0;2.04;11.79;20.37;;;;;;;;
19/12/2023;16:38:18;360;0.41;2.06;14.81;0.03;;;;;;;;
19/12/2023;16:38:20;362;0.48;2.04;10.07;32.03;;;;;;;;
19/12/2023;16:38:23;364;0;2.04;10.07;32.03;;;;;;;;
19/12/2023;16:38:25;366;0.48;2.04;10.07;32.03;;;;;;;;
19/12/2023;16:38:27;368;0.41;2.04;31.42;10000,00%;;;;;;;;
19/12/2023;16:38:30;370;0.48;2.07;10.07;39.85;;;;;;;;
19/12/2023;16:38:32;372;0.41;2.07;10.07;39.84;;;;;;;;
19/12/2023;16:38:34;374;0;2.07;10.07;39.84;;;;;;;;
19/12/2023;16:38:37;376;0.41;2.07;10.07;39.85;;;;;;;;
19/12/2023;16:38:39;378;0.41;2.07;10.07;39.85;;;;;;;;
19/12/2023;16:38:41;380;0.35;2.07;10.07;39.85;;;;;;;;
19/12/2023;16:38:43;382;0;2.07;10.07;39.84;;;;;;;;
19/12/2023;16:38:46;384;0.41;2.07;10.07;39.85;;;;;;;;
19/12/2023;16:38:48;386;0.41;2.06;25.26;99.99;;;;;;;;
19/12/2023;16:38:50;388;0.41;2.06;25.26;99.99;;;;;;;;
19/12/2023;16:38:52;390;0;2.06;16.73;0.03;;;;;;;;
19/12/2023;16:38:55;392;0.41;2.04;10.07;39.84;;;;;;;;
19/12/2023;16:38:57;394;0.35;2.06;10.07;39.84;;;;;;;;
19/12/2023;16:38:59;396;0.41;2.04;10.07;39.85;;;;;;;;
19/12/2023;16:39:02;398;0;2.06;10.07;39.85;;;;;;;;
19/12/2023;16:39:04;400;0.41;2.04;10.07;39.85;;;;;;;;
19/12/2023;16:39:06;402;0.35;2.04;10.07;39.84;;;;;;;;
19/12/2023;16:39:08;404;0.41;2.04;10.07;39.85;;;;;;;;
19/12/2023;16:39:11;406;0;2.06;10.07;39.85;;;;;;;;
19/12/2023;16:39:13;408;0.41;2.06;10.07;39.85;;;;;;;;
19/12/2023;16:39:15;410;0.35;2.07;10.07;39.84;;;;;;;;
19/12/2023;16:39:18;412;0.41;2.06;10.07;39.85;;;;;;;;
19/12/2023;16:39:20;414;0;2.06;10.07;39.85;;;;;;;;
19/12/2023;16:39:22;416;0.41;2.06;10.07;39.85;;;;;;;;
19/12/2023;16:39:25;418;0.41;2.07;10.07;39.85;;;;;;;;
19/12/2023;16:39:27;420;0.41;2.06;10.07;39.84;;;;;;;;
19/12/2023;16:39:29;422;0;2.07;10.07;39.85;;;;;;;;
19/12/2023;16:39:31;424;0.35;2.06;10.07;39.85;;;;;;;;
19/12/2023;16:39:34;426;0.41;2.08;21.12;99.99;;;;;;;;
19/12/2023;16:39:36;428;0.41;2.11;21.12;99.99;;;;;;;;
19/12/2023;16:39:38;430;0;2.1;19.24;0.03;;;;;;;;
19/12/2023;16:39:40;432;0.29;2.1;10.07;47.66;;;;;;;;
19/12/2023;16:39:43;434;0.35;2.1;19.23;0.03;;;;;;;;
19/12/2023;16:39:45;436;0.35;2.08;19.22;0.03;;;;;;;;
19/12/2023;16:39:47;438;0;2.1;19.22;0.03;;;;;;;;
19/12/2023;16:39:49;440;0.35;2.08;10.07;47.66;;;;;;;;
19/12/2023;16:39:52;442;0.35;2.08;10.07;47.66;;;;;;;;
19/12/2023;16:39:54;444;0.35;2.08;10.07;47.66;;;;;;;;
19/12/2023;16:39:56;446;0;2.08;10.07;47.66;;;;;;;;
19/12/2023;16:39:59;448;0.35;2.07;10.07;47.66;;;;;;;;
19/12/2023;16:40:01;450;0.35;2.07;10.07;47.66;;;;;;;;
19/12/2023;16:40:03;452;0.35;2.08;21.12;99.99;;;;;;;;
19/12/2023;16:40:05;454;0;2.07;21.13;99.99;;;;;;;;
19/12/2023;16:40:08;456;0.29;2.08;10.07;47.66;;;;;;;;
19/12/2023;16:40:10;458;0.35;2.07;10.07;47.66;;;;;;;;
19/12/2023;16:40:12;460;0.35;2.08;10.07;47.66;;;;;;;;
19/12/2023;16:40:15;462;0;2.07;10.07;47.66;;;;;;;;
19/12/2023;16:40:17;464;0.35;2.07;10.07;47.66;;;;;;;;
19/12/2023;16:40:19;466;0.35;2.1;10.07;47.66;;;;;;;;
19/12/2023;16:40:21;468;0.35;2.08;10.07;47.66;;;;;;;;
19/12/2023;16:40:24;470;0.29;2.08;10.07;47.66;;;;;;;;
19/12/2023;16:40:26;472;0;2.07;10.07;47.66;;;;;;;;
19/12/2023;16:40:28;474;0.35;2.07;10.07;47.66;;;;;;;;
19/12/2023;16:40:31;476;0.35;2.08;10.07;47.66;;;;;;;;
19/12/2023;16:40:33;478;0.35;2.07;19.22;0.03;;;;;;;;
19/12/2023;16:40:35;480;0;2.07;21.12;99.99;;;;;;;;
19/12/2023;16:40:37;482;0.35;2.07;21.12;99.99;;;;;;;;
19/12/2023;16:40:40;484;0.29;2.07;10.07;47.66;;;;;;;;
19/12/2023;16:40:42;486;0.35;2.07;10.07;47.66;;;;;;;;
19/12/2023;16:40:44;488;0;2.06;10.07;47.66;;;;;;;;
19/12/2023;16:40:46;490;0.35;2.07;12.55;34.74;;;;;;;;
19/12/2023;16:40:49;492;0.35;2.06;10.07;47.66;;;;;;;;
19/12/2023;16:40:51;494;0.35;2.07;10.07;47.66;;;;;;;;
19/12/2023;16:40:53;496;0;2.07;10.07;47.66;;;;;;;;
19/12/2023;16:40:56;498;0.35;2.06;10.07;47.66;;;;;;;;
19/12/2023;16:40:58;500;0.29;2.06;10.07;47.66;;;;;;;;
19/12/2023;16:41:00;502;0.35;2.07;10.07;47.66;;;;;;;;
19/12/2023;16:41:02;504;0;2.07;10.07;47.66;;;;;;;;
19/12/2023;16:41:05;506;0.35;2.07;10.07;47.66;;;;;;;;
19/12/2023;16:41:07;508;0.35;2.06;10.07;47.66;;;;;;;;
19/12/2023;16:41:09;510;0.35;2.07;21.12;99.99;;;;;;;;
19/12/2023;16:41:12;512;0;2.06;19.22;0.03;;;;;;;;
19/12/2023;16:41:14;514;0.29;2.06;10.07;47.66;;;;;;;;
19/12/2023;16:41:16;516;0.35;2.06;10.07;47.66;;;;;;;;
19/12/2023;16:41:18;518;0.35;2.06;10.07;47.66;;;;;;;;
19/12/2023;16:41:21;520;0;2.06;10.07;55.86;;;;;;;;
19/12/2023;16:41:23;522;0.29;2.08;10.07;55.86;;;;;;;;
19/12/2023;16:41:25;524;0.29;2.08;18.93;17.02;;;;;;;;
19/12/2023;16:41:27;526;0.29;2.08;10.07;55.86;;;;;;;;
19/12/2023;16:41:30;528;0;2.08;10.07;55.87;;;;;;;;
19/12/2023;16:41:32;530;0.23;2.08;10.07;55.86;;;;;;;;
19/12/2023;16:41:34;532;0.29;2.07;10.07;55.86;;;;;;;;
19/12/2023;16:41:37;534;0.29;2.07;10.07;55.86;;;;;;;;
19/12/2023;16:41:39;536;0;2.07;10.07;55.85;;;;;;;;
19/12/2023;16:41:41;538;0.29;2.07;10.07;55.86;;;;;;;;
19/12/2023;16:41:44;540;0.29;2.07;10.07;55.86;;;;;;;;
19/12/2023;16:41:46;542;0.23;2.07;10.07;55.86;;;;;;;;
19/12/2023;16:41:48;544;0.29;2.08;10.07;55.86;;;;;;;;
19/12/2023;16:41:50;546;0;2.07;10.07;55.86;;;;;;;;
19/12/2023;16:41:53;548;0.29;2.06;10.07;55.86;;;;;;;;
19/12/2023;16:41:55;550;0.29;2.06;10.07;55.86;;;;;;;;
19/12/2023;16:41:57;552;0.23;2.06;10.07;55.86;;;;;;;;
19/12/2023;16:42:00;554;0;2.06;18.02;10000,00%;;;;;;;;
19/12/2023;16:42:02;556;0.29;2.07;22.8;0.03;;;;;;;;
19/12/2023;16:42:04;558;0.23;2.04;10.07;55.86;;;;;;;;
19/12/2023;16:42:06;560;0.29;2.06;22.8;0.03;;;;;;;;
19/12/2023;16:42:09;562;0;2.04;10.07;55.86;;;;;;;;
19/12/2023;16:42:11;564;0.29;2.06;10.07;55.86;;;;;;;;
19/12/2023;16:42:13;566;0.23;2.04;10.07;55.86;;;;;;;;
19/12/2023;16:42:15;568;0.29;2.06;10.07;55.86;;;;;;;;
19/12/2023;16:42:18;570;0;2.06;10.07;55.86;;;;;;;;
19/12/2023;16:42:20;572;0.29;2.06;22.8;0.04;;;;;;;;
19/12/2023;16:42:22;574;0.23;2.06;18.02;99.99;;;;;;;;
19/12/2023;16:42:24;576;0.29;2.06;22.8;0.03;;;;;;;;
19/12/2023;16:42:27;578;0;2.06;10.07;55.86;;;;;;;;
19/12/2023;16:42:29;580;0.29;2.06;10.07;55.86;;;;;;;;
19/12/2023;16:42:31;582;0.23;2.06;10.07;55.86;;;;;;;;
19/12/2023;16:42:34;584;0.29;2.07;22.8;0.03;;;;;;;;
19/12/2023;16:42:36;586;0;2.06;22.8;0.03;;;;;;;;
19/12/2023;16:42:38;588;0.29;2.04;22.79;0.04;;;;;;;;
19/12/2023;16:42:40;590;0.23;2.06;10.07;55.86;;;;;;;;
19/12/2023;16:42:42;592;0.29;2.04;10.07;55.86;;;;;;;;
19/12/2023;16:42:45;594;0;2.04;10.07;55.86;;;;;;;;
19/12/2023;16:42:47;596;0.29;2.04;10.07;55.86;;;;;;;;
19/12/2023;16:42:49;598;0.23;2.04;10.07;55.86;;;;;;;;
19/12/2023;16:42:52;600;0.29;2.04;22.8;0.03;;;;;;;;
19/12/2023;16:42:54;602;0;2.03;18.02;10000,00%;;;;;;;;
19/12/2023;16:42:56;604;0.23;2.08;10.07;63.67;;;;;;;;
19/12/2023;16:42:58;606;0.23;2.08;10.07;63.67;;;;;;;;
19/12/2023;16:43:01;608;0.23;2.08;10.07;63.67;;;;;;;;
19/12/2023;16:43:03;610;0;2.08;15.81;99.99;;;;;;;;
19/12/2023;16:43:05;612;0.23;2.07;15.81;10000,00%;;;;;;;;
19/12/2023;16:43:07;614;0.16;2.08;15.81;10000,00%;;;;;;;;
19/12/2023;16:43:10;616;0.23;2.08;10.15;63.37;;;;;;;;
19/12/2023;16:43:12;618;0;2.08;10.07;63.67;;;;;;;;
19/12/2023;16:43:14;620;0.16;2.07;10.07;63.67;;;;;;;;
19/12/2023;16:43:16;622;0.23;2.08;10.07;63.67;;;;;;;;
19/12/2023;16:43:19;624;0.23;2.1;10.07;63.67;;;;;;;;
19/12/2023;16:43:21;626;0;2.07;10.07;63.67;;;;;;;;
19/12/2023;16:43:23;628;0.16;2.06;10.07;63.67;;;;;;;;
19/12/2023;16:43:26;630;0.16;2.06;10.07;63.67;;;;;;;;
19/12/2023;16:43:28;632;0.23;2.07;10.07;63.67;;;;;;;;
19/12/2023;16:43:30;634;0;2.07;10.07;63.67;;;;;;;;
19/12/2023;16:43:33;636;0.16;2.07;10.07;63.67;;;;;;;;
19/12/2023;16:43:35;638;0.23;2.07;10.07;63.67;;;;;;;;
19/12/2023;16:43:37;640;0.16;2.07;10.07;63.67;;;;;;;;
19/12/2023;16:43:39;642;0;2.07;10.07;63.67;;;;;;;;
19/12/2023;16:43:42;644;0.23;2.06;10.07;63.68;;;;;;;;
19/12/2023;16:43:44;646;0.16;2.07;10.07;63.67;;;;;;;;
19/12/2023;16:43:46;648;0.23;2.06;10.07;63.67;;;;;;;;
19/12/2023;16:43:49;650;0;2.07;10.07;63.67;;;;;;;;
19/12/2023;16:43:51;652;0.16;2.07;15.81;99.99;;;;;;;;
19/12/2023;16:43:53;654;0.23;2.07;10.07;63.67;;;;;;;;
19/12/2023;16:43:55;656;0.16;2.07;27.69;0.04;;;;;;;;
19/12/2023;16:43:58;658;0;2.07;15.81;10000,00%;;;;;;;;
19/12/2023;16:44:00;660;0.23;2.07;27.7;0.04;;;;;;;;
19/12/2023;16:44:02;662;0.23;2.06;10.07;63.67;;;;;;;;
19/12/2023;16:44:04;664;0.16;2.07;10.07;63.67;;;;;;;;
19/12/2023;16:44:07;666;0;2.07;10.07;63.67;;;;;;;;
19/12/2023;16:44:09;668;0.23;2.07;10.07;63.67;;;;;;;;
19/12/2023;16:44:11;670;0.16;2.07;10.07;63.67;;;;;;;;
19/12/2023;16:44:14;672;0.23;2.07;10.07;63.67;;;;;;;;
19/12/2023;16:44:16;674;0;2.07;10.07;63.67;;;;;;;;
19/12/2023;16:44:18;676;0.16;2.07;27.69;0.04;;;;;;;;
19/12/2023;16:44:20;678;0.23;2.07;27.7;0.04;;;;;;;;
19/12/2023;16:44:23;680;0.16;2.07;27.7;0.04;;;;;;;;
19/12/2023;16:44:25;682;0;2.07;27.7;0.04;;;;;;;;
19/12/2023;16:44:27;684;0.23;2.07;15.81;10000,00%;;;;;;;;
19/12/2023;16:44:29;686;0.16;2.07;27.69;0.05;;;;;;;;
19/12/2023;16:44:31;688;0.23;2.06;27.69;0.04;;;;;;;;
19/12/2023;16:44:34;690;0;2.11;10.07;71.88;;;;;;;;
19/12/2023;16:44:36;692;0.16;2.11;10.07;71.87;;;;;;;;
19/12/2023;16:44:38;694;0.16;2.11;10.07;71.88;;;;;;;;
19/12/2023;16:44:40;696;0.1;2.1;10.07;71.87;;;;;;;;
19/12/2023;16:44:43;698;0;2.1;10.07;71.88;;;;;;;;
19/12/2023;16:44:45;700;0.16;2.1;10.07;71.88;;;;;;;;
19/12/2023;16:44:47;702;0.1;2.11;71428.57;10000,00%;;;;;;;;
19/12/2023;16:44:49;704;0.16;2.11;35.76;0.06;;;;;;;;
19/12/2023;16:44:52;706;0;2.1;14;99.99;;;;;;;;
19/12/2023;16:44:54;708;0.1;2.1;10.07;71.88;;;;;;;;
19/12/2023;16:44:56;710;0.1;2.1;10.07;71.88;;;;;;;;
19/12/2023;16:44:59;712;0.16;2.08;10.07;71.87;;;;;;;;
19/12/2023;16:45:01;714;0;2.1;10.07;71.88;;;;;;;;
19/12/2023;16:45:03;716;0.1;2.1;10.07;71.88;;;;;;;;
19/12/2023;16:45:05;718;0.16;2.08;35.77;0.06;;;;;;;;
19/12/2023;16:45:08;720;0.1;2.11;10.07;71.88;;;;;;;;
19/12/2023;16:45:10;722;0;2.08;10.07;71.88;;;;;;;;
19/12/2023;16:45:12;724;0.1;2.08;10.07;71.88;;;;;;;;
19/12/2023;16:45:15;726;0.16;2.1;10.07;71.88;;;;;;;;
19/12/2023;16:45:17;728;0.1;2.08;35.77;0.06;;;;;;;;
19/12/2023;16:45:19;730;0;2.08;14;99.99;;;;;;;;
19/12/2023;16:45:21;732;0.16;2.1;10.07;71.88;;;;;;;;
19/12/2023;16:45:24;734;0.1;2.08;35.77;0.05;;;;;;;;
19/12/2023;16:45:26;736;0.1;2.08;35.77;0.06;;;;;;;;
19/12/2023;16:45:28;738;0;2.08;14;99.99;;;;;;;;
19/12/2023;16:45:30;740;0.16;2.08;35.77;0.06;;;;;;;;
19/12/2023;16:45:32;742;0.1;2.08;35.77;0.06;;;;;;;;
19/12/2023;16:45:35;744;0.16;2.14;10.07;78.91;;;;;;;;
19/12/2023;16:45:37;746;0;2.12;10.07;78.91;;;;;;;;
19/12/2023;16:45:39;748;0.04;2.12;10.07;78.9;;;;;;;;
19/12/2023;16:45:41;750;0.1;2.11;10.07;78.9;;;;;;;;
19/12/2023;16:45:44;752;0.04;2.11;47.68;0.07;;;;;;;;
19/12/2023;16:45:46;754;0;2.12;10.07;78.9;;;;;;;;
19/12/2023;16:45:48;756;0.1;2.11;10.07;78.91;;;;;;;;
19/12/2023;16:45:51;758;0.04;2.11;10.07;78.91;;;;;;;;
19/12/2023;16:45:53;760;0.1;2.11;10.07;78.9;;;;;;;;
19/12/2023;16:45:55;762;0;2.1;10.07;78.9;;;;;;;;
19/12/2023;16:45:57;764;0.04;2.1;10.07;78.91;;;;;;;;
19/12/2023;16:46:00;766;0.04;2.1;10.07;78.91;;;;;;;;
19/12/2023;16:46:02;768;0.1;2.1;10.07;78.91;;;;;;;;
19/12/2023;16:46:04;770;0;2.1;12.76;10000,00%;;;;;;;;
19/12/2023;16:46:07;772;0.04;2.1;12.76;10000,00%;;;;;;;;
19/12/2023;16:46:09;774;0.1;2.1;12.76;10000,00%;;;;;;;;
19/12/2023;16:46:11;776;0.04;2.1;10.07;78.91;;;;;;;;
19/12/2023;16:46:13;778;0;2.08;10.07;78.91;;;;;;;;
19/12/2023;16:46:16;780;0.04;2.11;22;53.9;;;;;;;;
19/12/2023;16:46:18;782;0.1;2.11;10.07;78.9;;;;;;;;
19/12/2023;16:46:20;784;0.04;2.1;10.07;78.91;;;;;;;;
19/12/2023;16:46:22;786;0;2.1;10.07;78.91;;;;;;;;
19/12/2023;16:46:25;788;0.1;2.1;10.07;78.91;;;;;;;;
19/12/2023;16:46:27;790;0.04;2.08;10.07;78.9;;;;;;;;
19/12/2023;16:46:29;792;0.1;2.08;10.07;78.9;;;;;;;;
19/12/2023;16:46:32;794;0;2.08;10.07;78.91;;;;;;;;
19/12/2023;16:46:34;796;0.04;2.08;10.07;78.91;;;;;;;;
19/12/2023;16:46:36;798;0.04;2.1;10.07;78.91;;;;;;;;
19/12/2023;16:46:39;800;0.1;2.08;10.07;78.9;;;;;;;;
19/12/2023;16:46:41;802;0;2.08;10.07;78.9;;;;;;;;
19/12/2023;16:46:43;804;0.04;2.1;10.07;78.91;;;;;;;;
19/12/2023;16:46:45;806;0.04;2.08;10.07;78.91;;;;;;;;
19/12/2023;16:46:48;808;0.1;2.1;47.69;0.07;;;;;;;;
19/12/2023;16:46:50;810;0;2.08;47.69;0.08;;;;;;;;
19/12/2023;16:46:52;812;0.04;2.1;47.68;0.07;;;;;;;;
19/12/2023;16:46:54;814;0.1;2.07;10.07;78.91;;;;;;;;